{"_wandb": {"runtime": 527}, "loss": 163.5979461669922, "_timestamp": 1715513245.4138882, "_runtime": 384.30428528785706, "_step": 0}