{"loss": 0.0, "_timestamp": 1715345727.0335019, "_runtime": 3125.7434117794037, "_step": 6, "_wandb": {"runtime": 3467}}