{"_wandb": {"runtime": 595}, "loss": 145.87496948242188, "_timestamp": 1715585564.2140195, "_runtime": 345.9508955478668, "_step": 0}